	Original	Predicted
0	78.69819501251706	82.65448120104772
1	52.043713251015845	55.98964753078487
2	83.14900071463856	86.82815928207056
3	57.382160147941576	67.96444221698978
4	100.96566092989987	83.09902795510321
5	72.55520076768677	63.74195808188055
6	81.22968337610303	83.31233118320992
7	60.50415714169066	62.691385813261014
8	104.56875026114095	66.88047029578993
9	96.68230021831873	85.27181323618188
10	66.05188189856355	79.91796195225228
11	63.79492762624185	57.341598716006196
12	57.0852667341135	64.63340748188028
13	56.82057537243572	61.427718322262486
14	82.94416622336787	82.01409565945116
15	58.37493919123058	63.70208249264819
16	72.55520076768677	62.72788842187595
17	75.78859661995745	88.48210626199177
18	69.40209876555619	77.05722885831959
19	71.08756776467911	66.99120516538159
20	90.85441435653472	76.85542034574961
21	72.43372746794257	81.204001883569
22	69.91166306783283	84.73331884438446
23	54.09610041780405	62.469054340792084
24	49.66267348291877	57.306051950647756
25	59.86628383823831	62.698954861522076
26	88.98554300469674	87.18835975784893
27	58.518530931570226	62.4933859892858
28	106.88724159159662	82.62715045305623
29	83.14900071463856	78.85225829272395
30	61.93563221218443	62.818997192148984
31	83.4813096041478	86.6483842024698
32	87.35421348423036	89.97483210561924
33	94.2424559023997	77.78167987014477
34	62.88113265535104	76.25089163018036
35	87.70171952912025	85.38520516205567
36	72.00796307071992	82.56072242813038
37	69.87843064718018	63.843907023951274
38	52.043713251015845	52.75928767194333
39	92.14317583121269	86.4489405617166
40	85.04819135045463	83.59438729463099
41	68.4033535330539	61.83396313008015
42	63.05285359401654	61.642291687505825
43	67.94948871218197	62.65799937355517
44	71.31341560648546	83.96140562787534
45	81.22968337610303	83.03955984457559
46	93.47649969793868	85.71095368041428
47	57.22259783265181	61.81672039348331
48	86.22399107349617	80.37138912934962
49	111.95383992787923	85.07518476141506
50	95.24415813503094	85.59659769194818
51	57.82298808029095	54.33913692474753
52	78.51922193377463	85.21995983083481
53	67.41598927140681	60.72645550822068
54	92.80579268935199	81.32757829292454
55	55.35863801433358	64.40325352074103
56	67.79712040899733	77.38977075309285
57	74.85613089872625	86.76454082208016
58	74.57610552621236	83.4220516823107
59	60.749067781423136	62.4991358512288
60	83.4813096041478	87.63319633701384
61	101.61322950305662	89.0160085078247
62	83.4813096041478	85.93755786036719
63	92.14317583121269	88.56219732553893
64	69.09008448113441	78.3195250895508
65	95.24415813503094	86.63049653790875
66	70.68955055434166	74.63684384671053
67	95.99752828143465	85.46875002329153
68	92.59723140819571	89.49414820445188
69	59.109091487499214	63.301143255631175
70	63.75165605330209	77.92991903371401
71	56.43735356579095	57.49962820846457
72	63.79492762624185	60.382038707516394
73	74.85613089872625	86.45277368629917
74	56.964671104293636	62.82621702453763
75	86.1289730244089	79.43779026212714
76	86.56997522366606	87.1734330536133
77	94.55525059670295	93.8031341687792
78	57.22259783265181	61.901331042705046
79	83.14900071463856	83.38618092035883
80	88.44144653311221	83.30048196536079
81	95.3022570859391	80.74061272727475
82	66.48606106937939	66.33880195200855
83	91.25116767602053	84.52487326258583
84	55.189705116914105	61.25439501703849
85	92.59723140819571	89.49414820445188
86	45.646562406056184	54.088416466868466
87	58.518530931570226	62.92804669682242
88	71.01067964120352	80.05096557136643
89	68.12728661459799	75.24345404667604
90	83.14900071463856	83.66378136645051
91	82.94416622336787	80.54231300819757
92	57.22259783265181	62.0568697160907
93	66.94692610540808	83.79411312433659
94	52.043713251015845	55.719441365450045
95	67.76658110025551	79.67730795749767
96	70.76699696572413	85.12342315266207
97	96.63787958697199	85.32609397326786
98	58.80404968679891	74.62261821511721
99	61.839813061327426	58.66860631079989
100	72.55520076768677	62.87613155051254
101	83.4813096041478	85.86540896115986
102	56.43735356579095	61.72320716628544
103	72.70756139396002	80.09217848898885
104	56.43735356579095	57.61592241139
105	78.69819501251706	82.5113368590415
106	89.33130843854775	93.2650621833446
107	60.07305506589565	59.692830930064645
108	68.12295888801668	78.4273667179259
109	62.817160173173654	59.673806488662166
110	57.0852667341135	68.31219513467623
111	68.31296532379372	76.31497832134131
112	89.43489851761854	79.88176820423567
113	88.16736593185314	77.81021007850018
114	74.85613089872625	83.33376789641534
115	84.51780542703037	86.20373843801976
116	77.7196460359261	79.37941455864906
117	72.55520076768677	66.18907853762813
118	60.96143931038744	61.689494171805244
119	49.66267348291877	53.77985320773667
120	83.14900071463856	82.34304411876536
121	100.77446007229999	86.86750783256866
122	85.04819135045463	84.64702132847799
123	83.14900071463856	82.91484815641522
124	73.54613529107182	82.28980693039232
125	80.0770011262711	84.1360377652888
126	77.85964995656174	85.92623292220279
127	95.99752828143465	84.46467441252514
128	89.15447885016101	87.07319778995154
129	62.76787994435343	65.50375748969421
130	96.63787958697199	94.08959751706158
131	97.67803351540523	83.64433472796958
132	61.839813061327426	59.3139217799935
133	93.62998057446639	84.42176562748104
134	86.01889776143929	84.05707856313046
135	58.875086605381995	65.95585153776041
136	59.62093291823288	64.05538337961738
137	72.55520076768677	63.33742290514252
138	57.22259783265181	64.61102597791592
139	75.08635828130679	81.11156130991769
140	61.14694727943012	68.47310394888844
141	91.16987000967677	88.60041285956736
142	52.765707014289156	54.87064398841049
143	55.189705116914105	62.33562895125119
144	92.14317583121269	85.79961925868841
145	70.60379380879367	62.171155384767886
146	71.67001726430786	83.09198250957812
147	52.043713251015845	53.4945289146406
148	91.31341693351736	83.70241161302886
149	98.39443535640356	82.85555684672143
150	61.93563221218443	62.78905114828859
151	63.92446280127344	60.4840525980795
152	93.62998057446639	80.38329127099124
153	110.11174875035675	85.42070125534391
154	86.20915560766475	79.69279933567056
155	57.0852667341135	65.43542546256043
156	94.55525059670295	92.95605510809287
157	84.94800978598104	84.16081946143662
158	84.94800978598104	82.30893846665008
159	68.78432784110083	79.79508423010256
160	69.36427073420126	80.98312034322078
161	101.14481193895489	84.34782193313063
162	106.85786868469998	62.4538900520932
163	98.93873853896005	78.95785622846412
164	88.31885056335287	83.9715307884093
165	61.93563221218443	65.76755156678622
166	74.21897155964623	77.00169504341419
167	56.739628254278	61.562989297226736
168	56.73383931374251	62.30166917819459
169	84.94800978598104	86.93926907582436
170	83.62174332085085	77.81665336454948
171	89.40412165690829	82.72275266957695
172	82.09090428708566	78.50197811251087
173	52.043713251015845	52.73523495513991
174	54.09610041780405	62.44430966818596
175	72.55520076768677	67.41073785482043
176	91.2213720875168	87.29956401203226
177	61.45925399699781	61.599602104345344
178	57.22259783265181	62.35470175555655
179	57.82860518537168	59.413837649859715
180	94.49640879801909	81.93192522623664
181	57.71609828249453	63.71943338849963
182	83.60304072624585	84.13405660462433
183	82.94416622336787	82.74838577948123
184	81.82051149420903	82.57571351142704
185	70.06503575054764	86.78079158748967
186	83.1930129089584	80.58941495271948
187	76.44458171858919	80.45498297678641
188	56.63528380991932	60.45637268343734
189	98.93873853896005	81.20890841213401
190	66.0245943322668	57.30924191052766
191	92.4780913606782	81.72558333232446
192	70.3290697962042	82.4581222107455
193	84.94800978598104	85.35797784534829
194	71.08756776467911	66.86471932523168
195	67.87119605244519	83.29287437605493
196	85.84588993187936	84.84814131038752
197	72.55520076768677	66.12426607177946
198	105.34217598773596	84.06669576993362
199	58.518530931570226	63.11274456623917
200	64.75409369461393	64.71515938609778
201	95.60445942712887	85.42806125004053
202	84.01295488923876	85.32245272568207
203	93.30693878071268	90.52945020832357
204	59.86628383823831	64.12271622856572
205	88.89523233062332	80.88538591844926
206	56.964671104293636	61.51117173893139
207	56.63528380991932	64.26399314572961
208	89.5047825659175	87.48031138100544
209	55.189705116914105	62.15875831865252
210	57.382160147941576	67.49309786458637
211	90.85441435653472	76.84328523948533
212	104.02311330534192	67.39217249616759
213	83.4813096041478	85.52628575517153
214	91.7901944110428	78.90729680508336
215	56.43735356579095	60.745556924612785
216	83.14900071463856	81.57019201239662
217	91.2105334388621	87.04144727344358
218	63.60707866763174	75.57805911912115
219	88.16736593185314	77.35450270997164
220	72.90215139036411	78.7508769180381
221	75.83966069830254	84.30273884662375
222	78.69819501251706	81.27668834069469
223	63.15552994255263	76.57433281273376
224	71.08756776467911	66.86471932523168
225	63.38922661185015	79.36630483622031
226	91.2105334388621	83.47097056535779
227	44.345398823106294	54.51803743486211
228	56.63528380991932	61.93771406005194
229	81.22968337610303	81.35151893966781
230	56.48402425681005	62.119508580017225
231	89.68885549063762	59.163991034104185
232	66.14271091260281	78.50455793819845
233	83.74936483323414	81.32120829509925
234	91.31341693351736	84.62752479583847
235	91.16987000967677	90.79778378435978
236	56.63528380991932	64.85366582167815
237	61.839813061327426	59.03104843620667
238	83.14900071463856	86.09086968966744
239	79.36698887145205	79.85221953214362
240	71.56613514428311	80.15917304977256
241	53.876914152849274	61.33055702183357
242	61.05945790482965	64.90111147117567
243	53.41516169101779	67.34717687407495
244	45.646562406056184	55.65283269658128
245	96.50936783554347	86.04753631983495
246	75.78859661995745	89.46647266276638
247	84.94800978598104	83.68364884280172
248	90.28981758650643	82.51672510076662
249	66.43654064889509	62.92153977440028
250	101.22045245665268	84.10621237469672
251	85.31743632458071	87.50345488731806
252	72.55520076768677	65.98789289019963
253	85.869786427171	94.04687349588214
254	45.646562406056184	59.35936038487543
255	87.01616282326896	84.37263590346795
256	62.76787994435343	62.83526851660789
257	97.67803351540523	87.22630596131964
258	57.82298808029095	57.0382102656187
259	52.043713251015845	56.11855377193566
260	80.61534841875911	75.86969723017693
261	83.14900071463856	81.76668835312688
262	75.62408754440456	54.1519179888095
263	100.4807600029988	89.77225334360284
264	86.08437520723565	84.9391764000709
265	54.09610041780405	62.39259087227767
266	81.22968337610303	83.01616474771095
267	97.67803351540523	81.25490696393112
268	92.14317583121269	88.36101167811044
269	62.211683212263154	67.97678684187301
270	57.82860518537168	55.514165758715166
271	75.62408754440456	58.29291821873127
272	87.5803447981433	85.36389255391887
273	96.63787958697199	86.26452136764547
274	66.48606106937939	62.573881887175375
275	61.141806351872	57.843927118272184
276	73.52698520348672	79.63486002432316
277	53.71948551268709	62.918855571691985
278	101.14481193895489	82.31355417752866
279	61.93563221218443	66.66072318057304
280	81.22968337610303	87.22571028647782
281	56.09714748382759	61.78806582097255
282	83.14900071463856	84.93731627763822
283	97.67803351540523	84.53293870025075
284	61.14694727943012	66.07866555308638
285	83.14900071463856	86.04048286843503
286	84.94800978598104	82.5052441195084
287	77.10941905122803	86.17432996912356
288	69.87843064718018	63.95184417522168
289	90.63856386093526	92.55666210911774
290	90.38064525184971	99.11915943249339
291	81.65564173969085	84.98547732181888
292	80.506153414496	96.5992075618426
293	75.7447834938052	82.73923971048563
294	56.687494063995686	58.8026797363509
295	57.22259783265181	65.82858937474487
296	90.85441435653472	81.1917680417225
297	92.14584162138584	83.41603213657032
298	58.147361029123175	56.536547985271184
299	61.93563221218443	65.61439938731219
300	97.65376434047428	86.43790872988764
301	96.72422281170955	89.86620016035182
302	66.0245943322668	54.957877190696564
303	72.40625287247704	81.42352728084055
304	84.94800978598104	79.94966511873129
305	59.62093291823288	65.46437376687867
306	75.7192070748028	85.72156513216768
307	66.43654064889509	66.13818186254329
308	83.14900071463856	77.08343456209272
309	64.1775273185806	81.20697928435023
310	77.58275172799702	82.34183875392685
311	65.72781932016045	65.66754970348674
312	69.36427073420126	81.55388280403727
313	91.16987000967677	86.2818878498019
314	59.109091487499214	62.680774689343906
315	85.8219827315404	79.05128056069597
316	68.4033535330539	61.15260726164331
317	62.54535327127084	64.6826589682608
318	91.78751195246697	83.84538518800885
319	77.20516661163015	80.0260428054579
320	54.09610041780405	61.63360799739001
321	81.65564173969085	81.37511875177991
322	98.93873853896005	77.17747244669796
323	77.20516661163015	80.30687478264612
324	76.44458171858919	85.0688760014605
325	68.74595541333461	81.02231121019159
326	62.792527750592114	54.99903472782121
327	96.63787958697199	83.47097056535779
328	83.56249535155555	76.35426060484286
329	61.839813061327426	59.13311267142289
330	77.66704016300162	85.00769930643757
331	100.57109883459327	83.67439444665627
332	81.22968337610303	85.53637631980334
333	79.81907112262101	90.45453760356477
334	81.22968337610303	86.5583825073485
335	99.43582702601984	88.58283024112293
336	77.38197594967606	87.82596240974647
337	79.0030080807313	80.0646449317728
338	101.68603408506853	90.42352141852919
339	77.66704016300162	85.60799736035167
340	91.16987000967677	85.97512946026062
341	58.80404968679891	75.02173062160283
342	56.739628254278	64.74286001547085
343	86.22399107349617	79.67096309210191
344	70.81990865928202	77.69170230733324
345	99.43582702601984	88.00968633531667
346	60.61377961151699	74.39828348123444
347	65.27629380399972	65.68934557714933
348	89.0362779645424	80.53430070354821
349	100.40653770444528	95.75163718766294
350	106.78437920005263	84.39535571447513
351	89.39852403054068	98.6951671049592
352	90.37514473027606	84.43436946440079
353	73.88948102447294	85.35412347870393
354	71.07543637313861	79.32171012042404
355	72.55520076768677	66.66319953853676
356	95.60445942712887	85.31603839670633
357	58.518530931570226	63.08678422506046
358	83.14900071463856	83.3527555945259
359	67.5302502927292	59.720464287742395
360	87.74500218675922	82.60322973109943
361	77.84916366372983	88.64601878165729
362	92.76625056997482	83.34997296117908
363	55.189705116914105	61.79036649023232
364	101.68603408506853	89.22558030240408
365	78.6466352000236	84.79335436979193
366	96.65269012537112	84.5483279489479
367	76.01068851648033	86.15565320149997
368	87.27571735987783	85.26578785210125
369	59.701114607560264	58.0480624799118
370	56.63528380991932	63.832536098843335
371	45.21934432316629	59.85058506734322
372	69.72440122047205	80.58575441521579
373	74.85613089872625	83.40291027335023
374	77.38197594967606	87.99248935210751
375	85.68131107401938	91.816549780404
376	76.82459750375865	81.35097730158557
377	91.05042169261407	90.2653022530965
378	72.40625287247704	81.19966586796046
379	89.40412165690829	80.00132912613175
380	49.66267348291877	53.3515178113116
381	80.41663486846087	89.79965816562185
382	67.30141843414467	80.38544459992094
383	70.91742612022304	75.7492585919458
384	53.71948551268709	63.18774091944374
385	52.537678838871784	54.17392380474945
386	75.7447834938052	83.30603240154134
387	56.63528380991932	65.24421829796715
388	92.69500619745331	85.16313320361728
389	81.90113545450102	82.61180542300018
390	41.54660319263608	55.335216559980026
391	84.94800978598104	81.41904344125227
392	90.28981758650643	85.28593260919695
393	73.25033411092797	85.35787730888173
394	88.84154039226661	80.81238641576756
395	107.43662282620744	96.0026250066803
396	95.77252063543351	82.25736785144743
397	95.60445942712887	81.56787717586474
398	56.73383931374251	59.06631396707399
399	95.02894686065724	78.96655054027332
400	90.28981758650643	81.38862062395253
401	43.88079513242751	56.2337256728556
402	91.2105334388621	85.8890902429691
403	61.93563221218443	62.19895766431491
404	63.79492762624185	57.37198151956701
405	90.25950896628592	88.65933420744534
406	97.67803351540523	82.72275266957695
407	75.56912359157472	81.4462706251077
408	83.05141167906554	96.02277878581367
409	58.529553316840996	77.33396360892168
410	77.58275172799702	82.14465408372257
411	57.71609828249453	62.31446159741453
412	89.40412165690829	86.97440684744919
413	76.80316757353452	81.64692616241135
414	82.97888765840942	78.51760523890977
415	112.18115592827064	86.93754044672878
416	61.839813061327426	60.255211118721164
417	93.03722796456987	83.87808854014492
418	99.43582702601984	85.14518731785543
419	71.49407526781913	60.45668659918385
420	82.09090428708566	78.21910476872404
421	76.01432071048696	81.00184081081692
422	61.70830831254223	63.824009746217634
423	57.82298808029095	56.8860198408298
424	93.37482273232399	86.23234160366154
425	65.78734514156967	86.981155399132
426	74.85613089872625	85.60935641897163
427	72.55520076768677	66.39944476559643
428	61.93563221218443	62.56214385442477
429	61.93563221218443	65.50467888821142
430	55.189705116914105	60.15110293935477
431	71.57813384908613	81.70178652266802
432	95.60445942712887	81.17963953610763
433	100.72137286435492	86.25915063822495
434	71.90486096838252	88.38348681651206
435	60.50415714169066	67.18723955544012
436	67.66608269072924	81.00115999760854
437	71.9723006103883	80.7063020231328
438	92.76625056997482	83.71916782076808
439	43.88079513242751	57.380939918214715
440	69.40209876555619	75.7529604008203
441	71.90486096838252	87.03250350825712
442	64.1775273185806	76.22505181586244
443	84.01295488923876	83.94288676285167
444	75.53611445479002	62.874691386640045
445	92.15650353916428	92.43609934151894
446	96.63787958697199	94.26216645660772
447	54.09610041780405	61.704118577239356
448	61.93563221218443	66.43797510633637
449	95.99752828143465	83.82888831986885
450	87.97526480190888	94.28519030259848
451	83.14900071463856	87.54693590016682
452	97.67803351540523	83.64604447263298
453	93.47649969793868	87.62302479680811
454	94.3785475631486	84.55834960333095
455	58.518530931570226	61.29196578619307
456	100.4807600029988	88.47500607675757
457	72.26469078769887	79.33669053746962
458	74.7032586676524	94.28519030259848
459	92.70292659846983	85.08530792674789
460	81.17414284985897	80.91596128158832
461	72.55520076768677	62.59733494120136
462	87.64106598345802	86.04519474129658
463	86.70539571136558	84.1340276599073
464	91.91880413182155	87.74785496119216
465	74.85613089872625	85.23807438135351
466	95.99752828143465	83.97203266187506
467	43.88079513242751	59.64939941991472
468	81.22968337610303	82.06209488710427
469	54.8615751066703	60.65144120663352
470	94.55525059670295	94.05690478496433
471	71.49407526781913	61.14515889422216
472	66.67460022401889	82.88824350097792
473	58.518530931570226	63.3797863773289
474	87.02785494677087	90.81810931468604
475	68.12728661459799	78.98676864827658
476	90.28981758650643	86.49709283965854
477	92.3055620923086	86.4287928934431
478	72.55520076768677	63.576217760254245
479	81.22968337610303	87.3677859774061
480	86.01889776143929	80.39570566621681
481	74.26046479521509	63.228072305416354
482	96.73901202120965	85.09322321859463
483	80.18046750057647	82.95484361153665
484	62.211683212263154	66.34305004702688
485	90.85441435653472	80.92349287027929
486	72.55520076768677	63.05348578684223
487	61.839813061327426	58.95093811119699
488	80.63187241333844	65.47782789558894
489	85.8219827315404	83.20896974775248
490	56.82057537243572	61.63319650278127
491	71.8015218936137	80.6336021640501
492	103.95074272254311	88.61051535805605
493	79.0030080807313	80.6649429856869
494	66.0245943322668	57.82534928159461
495	77.58275172799702	80.91789278740785
496	56.63528380991932	64.3709848905729
497	72.96812301688904	79.28987050518519
498	81.22968337610303	83.88509208887216
499	83.14900071463856	85.20917691625594
500	53.87063095944665	59.34499915739654
501	88.71133253003174	87.21224334213463
502	92.11117664773154	82.68282932493551
503	92.14584162138584	84.40840482498706
504	87.74500218675922	82.5828286506117
505	56.29111220942027	56.95704877271608
506	61.93563221218443	65.55703369294203
507	84.3889766909248	81.91056624816686
508	86.16462454810663	86.45330140909108
509	72.84386170106458	67.3146344628242
510	96.65269012537112	85.20182360990856
511	70.91742612022304	75.70653457076637
512	67.87119605244519	80.19569469058948
513	96.63787958697199	89.7349510913222
514	95.85762370434053	81.72558333232446
515	77.54055239309399	77.4729673696921
516	74.52739628637217	86.59576813329204
517	84.01295488923876	82.51672510076662
518	68.80137128718209	65.48467694894093
519	96.1296355892786	81.65508888149286
520	58.518530931570226	64.37487647703345
521	77.58275172799702	86.84262622150811
522	88.29886713355239	65.67923876189842
523	74.85613089872625	83.8908005093383
524	62.76787994435343	63.217505787439485
525	54.09610041780405	65.54440233188875
526	62.22168476379958	57.62341086779129
527	85.869786427171	94.3328820219436
528	68.4033535330539	64.95959784209997
529	63.082216835154775	76.82256435372186
530	77.10941905122803	85.94525326167434
531	84.94800978598104	81.15221751957927
532	92.14584162138584	85.00651695631277
533	72.55520076768677	62.863862976243794
534	84.94800978598104	80.41891313128227
535	83.4813096041478	85.52628575517153
536	96.72422281170955	88.6833387373554
537	66.43654064889509	66.19317445799147
538	93.47649969793868	87.93999055990489
539	61.839813061327426	59.59722792844559
540	67.87119605244519	79.97583146857599
541	74.75178456594682	77.75795068505444
542	90.37514473027606	83.81257757815789
543	62.61471864996776	79.20344301962866
544	85.53425676302308	84.33415896434674
545	98.93873853896005	84.06436333061177
546	71.07543637313861	78.66096980996153
547	56.687494063995686	61.995310926292056
548	89.07852156326459	85.72669704171645
549	61.04915193253084	76.281200257497
550	55.35863801433358	64.4346787780777
551	54.8615751066703	64.59592073563402
552	90.63856386093526	92.55666210911774
553	74.249152139939	84.36344778225933
554	56.43735356579095	56.79287704456392
555	61.93563221218443	61.830947538207006
556	68.8779835039962	80.76591804778502
557	68.12728661459799	78.59843222290476
558	61.839813061327426	58.695322262758786
559	73.84765352019805	81.83574396211405
560	85.04819135045463	84.394156487371
561	57.82298808029095	54.630151320980644
562	83.14900071463856	80.11760412578482
563	83.14900071463856	81.10865939855248
564	60.40470230852449	80.00824155018698
565	71.59012933856604	59.2630118893248
566	70.82397617292631	84.81858266802331
567	71.25706089972941	78.26824591541478
568	89.91670790415779	80.38544459992094
569	74.05262601122915	81.8416901205729
570	93.19449408288487	79.8746088065343
571	69.40209876555619	75.77283940713382
572	69.52376563808394	80.55582731996705
573	106.0024323701145	86.95934676248905
574	60.85281077596345	83.48215647657311
575	84.94800978598104	85.03789737873015
576	57.71609828249453	62.64418332896159
577	72.33945932973256	75.70528510379054
578	91.51862540621187	81.94542487634494
579	59.422415881698	62.311868244100566
580	56.82057537243572	64.48459697613421
581	97.65376434047428	87.4092543687128
582	70.3290697962042	80.10215310366905
583	85.39282156112203	86.90401461352928
584	58.518530931570226	63.86488073924399
585	59.86628383823831	67.8380741337676
586	82.9631080826442	81.00928455449063
587	92.61838600471525	83.70215972483552
588	88.34738569893926	80.35964588769885
589	74.16610821217442	66.17385810955508
590	73.52698520348672	75.39610530229943
591	106.78437920005263	83.74009389440833
592	87.49348252345426	84.66332300362102
593	82.76703932711831	77.07594413956544
594	84.94800978598104	87.16216412471141
595	96.63787958697199	90.17382051173631
596	61.93563221218443	62.24616014861433
597	59.309274172541066	66.74687882016083
598	63.645683768532784	77.85472751223058
599	57.22259783265181	65.9618163461043
600	70.86463078940953	80.3333299633473
601	71.38576720125803	61.002971612919836
602	89.26681697679636	83.88046947448146
603	65.75072403283407	63.72896407635583
604	91.31341693351736	85.641278766226
605	75.62408754440456	54.08390927938967
606	89.40412165690829	79.2606504856908
607	81.50647572362438	79.63471511670056
608	95.60445942712887	78.91513220728467
609	92.61838600471525	84.2591923377585
610	76.82459750375865	79.24117342207035
611	65.72781932016045	68.6287640894656
612	49.66267348291877	53.70119907479465
613	101.69967556868875	86.51171522021947
614	83.14900071463856	83.20564065153438
615	62.76787994435343	62.75918745354043
616	74.34334009107042	82.41504623665318
617	98.93873853896005	82.86137104579451
618	81.90113545450102	85.49066071947911
619	77.00280884321856	85.47655962858117
620	83.4813096041478	90.79778378435978
621	91.16987000967677	90.66009614917778
622	92.70292659846983	85.0551349869097
623	94.61403338900492	82.32863165281813
624	60.07305506589565	59.868645268969985
625	84.94800978598104	86.74021703700953
626	92.14584162138584	82.7816152010212
627	90.63856386093526	95.55367966636648
628	93.30693878071268	90.4247000813312
629	95.24415813503094	85.87843812367466
630	91.31341693351736	82.12982153574092
631	55.35863801433358	64.47740279925715
632	96.16697130112657	84.33327149778845
633	96.63787958697199	83.1025787369376
634	61.839813061327426	62.10471146562292
635	92.71348543639846	92.91811696613566
636	44.165627625429664	56.62416342786339
637	95.60445942712887	84.21369073069671
638	53.87063095944665	63.41241255955531
639	90.63856386093526	93.24809679660311
640	60.66587025523396	57.713834278730545
641	83.14900071463856	81.24634703373448
642	72.55520076768677	62.90204876660708
643	75.22321504318624	61.51858901096527
644	75.67898757145575	81.56834957400325
645	67.87119605244519	82.68027400027314
646	61.839813061327426	60.1778074168995
647	70.52606066924905	65.6115215483257
648	85.68131107401938	84.43890679846338
649	98.93873853896005	77.82315027828237
650	86.80820550779279	84.7189899441662
651	96.63787958697199	96.15341689435643
652	100.40653770444528	92.34070224035375
653	83.14900071463856	79.19800555107152
654	56.82057537243572	65.10653066278513
655	57.22259783265181	65.6650975799323
656	58.518530931570226	61.102050515021745
657	56.82057537243572	64.57597849476366
658	69.36427073420126	81.11752450187751
659	92.14584162138584	81.204001883569
660	58.37493919123058	63.87429042061065
661	71.90486096838252	85.19955691837367
662	61.93563221218443	65.86468095109993
663	64.75409369461393	69.20960057671621
664	87.91491481241485	84.53293870025075
665	89.40412165690829	85.4120354174799
666	78.64319595082452	81.63374133834876
667	93.30693878071268	89.75967203834215
668	99.00762415577601	83.74273245998307
669	86.70539571136558	88.67534279022718
670	55.044251537364275	63.429835912681895
671	74.85613089872625	85.29855900060254
672	88.69432619597583	86.6148952160196
673	93.37482273232399	86.26173236871655
674	72.43372746794257	80.96385256096161
675	85.39282156112203	85.4979199833418
676	88.37590600404948	94.19911727446531
677	88.69432619597583	81.2369668468402
678	70.82397617292631	84.28773028633182
679	94.17300415495652	85.2127322265813
680	84.94800978598104	83.75370249790649
681	94.55013626318151	86.43889110101813
682	61.839813061327426	58.62588228962044
683	70.56698990645043	79.44094571231754
684	43.42601012283303	59.27787144045314
685	63.645683768532784	77.74163894593329
686	88.89523233062332	82.01718946326346
687	63.17505724617982	80.71149282644534
688	55.189705116914105	64.1269457403615
689	60.749067781423136	62.80661394409712
690	76.76385445556494	80.97337680601134
691	58.147361029123175	60.72452953846685
692	100.4807600029988	89.48974621276099
693	70.64873475793476	75.15352754119716
694	85.1754213363993	84.77656246925702
695	66.37342940727905	60.6952607437292
696	67.97555429636954	78.80510580424291
697	84.94800978598104	81.7219606854195
698	80.97434623840493	79.40977252585466
699	76.82459750375865	77.86400546442897
700	80.87579458740414	85.36912049734798
701	69.58237983310335	82.55208095168364
702	91.91880413182155	88.37957861531312
703	90.85441435653472	81.58375015926468
704	72.43372746794257	79.52918406435047
705	57.22259783265181	62.77760117417012
706	61.839813061327426	59.82158496646122
707	100.40653770444528	96.56774932637107
708	77.58275172799702	84.26301107326265
709	84.94800978598104	83.8676663136865
710	69.96975915084359	82.21564173407701
711	90.85441435653472	78.28930484686565
712	84.94800978598104	87.95540221620433
713	75.23429406795853	77.89170375693566
714	56.73383931374251	60.18841241437226
715	67.87554942648092	57.04631371232627
716	100.4807600029988	89.72296123244384
717	88.69432619597583	86.62710311101429
718	82.9631080826442	81.29867646187547
719	70.32495643737266	78.61806195855311
720	70.13945590274679	80.49430140236299
721	91.91880413182155	88.63215558808682
722	70.82397617292631	83.49720426943473
723	89.48522389189979	84.22777274410025
724	75.7447834938052	82.42374589749284
725	59.79178098686163	57.25119537846298
726	58.147361029123175	56.85662845188931
727	96.63787958697199	94.69255132746655
728	71.67001726430786	84.07405587487449
729	66.30570386496498	65.26422950838473
730	94.17300415495652	84.53628059611643
731	64.75409369461393	65.31811319650274
732	49.66267348291877	57.70516435713338
733	64.25836322629523	74.7047876594354
734	113.19018482585106	80.90394576348787
735	67.87119605244519	81.60066648167458
736	83.60304072624585	80.92810993962871
737	61.839813061327426	58.97819560654562
738	71.38576720125803	57.390593165003736
739	90.85441435653472	77.2201964678774
740	92.71348543639846	91.77951002935266
741	84.94800978598104	84.04549153379122
742	80.87579458740414	85.68322824367046
743	89.40412165690829	82.99975803254274
744	84.43502323628921	94.99680381224223
745	81.22968337610303	84.96194755618879
746	56.63528380991932	64.62774131814042
747	89.34251669337459	82.19491131680232
748	62.211683212263154	64.93807825594178
749	63.650506785727075	86.17609845636015
750	57.71609828249453	62.534765815689525
751	95.77252063543351	80.20120739090964
752	76.51292041953049	80.2359637767191
753	88.89523233062332	84.29389397425592
754	93.62998057446639	86.07642448945104
755	104.42514981546037	85.49846201995416
756	61.839813061327426	62.12898548747794
757	91.31341693351736	84.65242136657287
758	99.37450040296552	89.10535283263083
759	95.77252063543351	82.20870832402687
760	94.77984099275461	87.50654226366603
761	90.25950896628592	89.38459395325377
762	95.77252063543351	79.0246050454502
763	69.15773762191863	83.80730208228263
764	77.19099380009685	85.47251738946608
765	79.36698887145205	82.91608779178053
766	92.28163242241199	83.91796123553303
767	81.17414284985897	80.59289868810754
768	83.14900071463856	87.29407105905983
769	72.55520076768677	65.9253237646878
770	94.17300415495652	83.64394741184599
771	84.94800978598104	80.52170621209385
772	103.97487530122278	86.48958788243532
773	49.66267348291877	57.17670360852264
774	80.18046750057647	85.00072866892779
775	80.08034210135703	82.17713673246004
776	72.55520076768677	63.723557755080414
777	73.15774455185391	79.07106913841776
778	92.14584162138584	82.70213959590936
779	93.30693878071268	90.30963368121677
780	58.37493919123058	60.2434383958501
781	72.43372746794257	81.72517005048104
782	72.52779975653044	66.74278266060793
783	90.37514473027606	85.67236282267571
784	86.25957944705094	90.5900090973689
785	91.91880413182155	90.05790549349061
786	64.76816875885183	83.89069619861141
787	75.30071340540285	79.80541925971973
788	66.94692610540808	81.28117024831327
789	53.612016213231065	54.731090323886676
790	91.31341693351736	81.92543914187851
791	86.01889776143929	83.00560223265485
792	66.76408266157772	83.32528445766592
793	69.77441623818174	79.51615748691964
794	93.95640195965603	81.99082189098354
795	91.2105334388621	87.64440108384855
796	97.67803351540523	82.18025405095916
797	68.83118110717245	78.44842981824183
798	88.44144653311221	79.01583757925988
799	93.47649969793868	85.07807961313326
800	59.119939693065476	60.187034736496344
801	89.40412165690829	80.66485053191005
802	89.6777168724995	84.0507249640686
803	83.4813096041478	85.56624329587525
804	65.72781932016045	64.9852807402412
805	72.55520076768677	67.11935038417764
806	60.0624788952001	61.939702458007275
807	75.7192070748028	83.51260829426272
808	112.18115592827064	85.6852537132126
809	75.59844566674644	62.5521345620582
810	89.40412165690829	86.66268579902476
811	52.537678838871784	53.89105046096262
812	100.40653770444528	99.3153595250643
813	64.76816875885183	84.33570950102092
814	63.679432679460426	87.38967164104037
815	85.27819362982385	85.84491080992603
816	61.93563221218443	66.15665613580401
817	95.24415813503094	83.53088148648743
818	52.043713251015845	53.14849661038228
819	64.76816875885183	86.80665230229718
820	45.646562406056184	56.17881044663214
821	79.65086516786332	87.28061190361132
822	84.1303662495132	83.60562043563289
823	67.97555429636954	78.00308782356277
824	87.2611685664707	80.40675501577697
825	45.646562406056184	54.247860905496175
826	97.67803351540523	86.98721590724529
827	74.51239856792034	77.53977916105961
828	86.30699389786793	88.867239925269
829	59.86628383823831	62.201024340310404
830	85.68131107401938	84.11893581501127
831	67.9190586809944	78.09688622647955
832	69.57819572023443	80.18723242757797
833	98.93873853896005	77.77113148030097
834	75.53611445479002	66.17631851286386
835	83.14900071463856	80.31878977321333
836	85.68131107401938	91.71253076347564
837	77.10941905122803	86.36295033844854
838	83.4813096041478	88.65192046719136
839	93.95640195965603	79.65842003090411
840	91.25116767602053	84.24180634946072
841	84.94800978598104	81.52060934799945
842	85.34458734761418	83.81950847514952
843	71.40182941961733	79.00864098076343
844	60.50415714169066	61.932451114057415
845	78.51922193377463	82.14948234845467
846	58.37493919123058	63.351964090021994
847	88.37590600404948	93.67105314267688
848	82.9631080826442	81.2834052615374
849	84.1303662495132	85.38971718508039
850	69.59074685336765	76.07849519904586
851	70.82397617292631	84.37919543465955
852	75.06412761523137	81.31514877623884
853	74.249152139939	82.5147320696256
854	65.27629380399972	65.43648073604234
855	87.42389263824522	80.0561997482473
856	61.839813061327426	59.59127822543219
857	80.6384804891679	98.61462348514452
858	65.25312308725155	57.89628885011
859	90.16296319931408	87.16136698524336
860	61.14694727943012	64.66795690179835
861	86.80820550779279	82.22220302082812
862	96.25151242536919	84.76989301831976
863	81.17414284985897	78.44343323335379
864	56.48402425681005	60.71453678893212
865	83.14900071463856	84.66607809633727
866	77.10941905122803	85.60606999779415
867	87.91491481241485	87.92036386120373
868	68.4119519943123	76.89333597520547
869	78.3015086912619	85.57038112890406
870	84.94800978598104	84.48479090964176
871	59.86628383823831	65.68544503273866
872	100.4807600029988	90.79679039958198
873	72.40625287247704	79.72554689751261
874	71.4299244086525	79.72349665744514
875	92.14317583121269	83.65446402195874
876	59.347026122663635	58.90310005717767
877	91.25116767602053	85.67725247624617
878	72.55520076768677	62.82113895506435
879	58.35833482919475	61.57530195619942
880	91.2105334388621	89.78326803544732
881	56.964671104293636	65.15731917162292
882	76.44458171858919	83.32753370010944
883	101.62461077603423	83.40505248338093
884	73.36580832486857	77.15706965523778
885	75.17147833434116	81.99144873583901
886	49.66267348291877	57.65038194008246
887	71.25706089972941	77.28874994653069
888	60.50415714169066	62.53540492446238
889	90.96883466339388	88.88007974222768
890	56.687494063995686	62.507644273371916
891	100.40653770444528	96.52180872277661
892	79.0030080807313	80.46375733825842
893	95.24415813503094	85.62791434216625
894	91.74457542039605	88.25209107392077
895	98.93873853896005	79.42492427043756
896	59.86628383823831	61.403407680299885
897	71.38175074367444	72.65369622422871
898	92.0578048214004	90.19424524080385
899	74.90449831993739	78.66359915467814
900	88.29886713355239	65.54155112671641
901	96.46234265822264	81.23231256949995
902	81.22968337610303	85.98922106033204
903	69.12815238297108	79.98969039179792
904	79.65086516786332	88.24486271176644
905	56.82057537243572	61.217602190061655
906	67.45557611315671	78.68377897229848
907	83.14900071463856	83.1015203684019
908	92.14317583121269	84.77656246925702
909	77.66704016300162	84.48332010966203
910	86.80820550779279	86.00239710935591
911	63.15552994255263	76.10021181182512
912	83.14900071463856	82.98188191557836
913	91.16987000967677	87.28886634757913
914	95.60445942712887	86.3368755795225
915	47.31130603926066	60.14902526765003
916	97.16142711692687	84.95134032652504
917	53.548639647310154	61.33055702183357
918	98.93873853896005	78.41680931188537
919	43.88079513242751	56.92219796789392
920	82.41732696975096	81.87223408967053
921	80.40667848445914	86.68696117676214
922	74.21897155964623	84.66902905391034
923	84.78671336723788	81.1778568595266
924	101.22045245665268	84.17357069281996
925	85.04819135045463	84.04648382767444
926	88.89523233062332	83.73494419813872
927	70.99852724000665	79.42541957263694
928	95.77252063543351	83.13150363670145
929	63.67461314976337	64.64178020417198
930	89.40412165690829	82.18025405095916
931	62.14160063349939	82.90890364485259
932	60.749067781423136	62.082630672831556
933	83.14900071463856	83.7488027096307
934	72.55520076768677	66.07935803852736
935	86.80820550779279	82.21017893345672
936	57.382160147941576	64.31332701526216
937	63.90529877603972	58.620862283110725
938	73.25033411092797	79.5411359604285
939	92.70292659846983	83.64692373855425
940	76.80316757353452	84.01421177858998
941	93.47649969793868	87.60945440013805
942	82.94416622336787	80.362938107546
943	91.31341693351736	81.87235402020879
944	80.18046750057647	86.03775430237702
945	55.35863801433358	56.55748838653986
946	85.34458734761418	82.80543881514491
947	65.59012307736141	74.34891639014796
948	95.60445942712887	87.06016683734782
949	66.37342940727905	57.57614664354854
950	56.43735356579095	57.182296259130055
951	66.0245943322668	57.31780184072429
952	56.687494063995686	62.138455268298266
953	106.0024323701145	86.17284529460154
954	66.48606106937939	63.20979778143939
955	67.87119605244519	82.22970579241544
956	81.46749066924428	84.92262843608187
957	95.77252063543351	82.52397866609965
958	92.70292659846983	83.30631163746955
959	89.91670790415779	84.24593797639476
960	56.964671104293636	64.51484241082885
961	95.77252063543351	82.30052037317849
962	80.90538032379732	60.479633954231765
963	87.64106598345802	86.0012290872674
964	61.45925399699781	58.45608869683756
965	55.189705116914105	62.69934290151894
966	59.65837233204926	61.28712702865696
967	65.87419029676487	59.59843128996562
968	69.51538573581314	66.48251185197799
969	71.67001726430786	81.06703625736104
970	76.44458171858919	84.21632149317637
971	56.82057537243572	60.8882930406301
972	74.21897155964623	85.17369489508279
973	66.0245943322668	58.80832785830347
974	85.34458734761418	83.43164774612877
975	56.63528380991932	64.37954482076952
976	91.31341693351736	84.9979410657679
977	83.14900071463856	86.7358007148925
978	56.964671104293636	64.82975328925919
979	78.2737930152773	80.65721991125397
980	77.66704016300162	84.97389766447537
981	58.37493919123058	59.583092355942924
982	94.17300415495652	82.18277621744436
983	69.36427073420126	78.6218245834377
984	97.15408479316015	95.50773906277202
985	57.97994120602948	65.1211016371133
986	59.309274172541066	65.3266232642367
987	92.94003314898576	86.67623278166887
988	64.15848352556989	62.01706892433583
989	48.8888180831121	59.079944681396015
990	61.45925399699781	60.792097843043535
991	72.55520076768677	67.26759351281422
992	84.16430462780879	90.98321017231275
993	78.39838986535167	88.69035934105472
994	49.66267348291877	54.96035468199398
995	45.646562406056184	57.86650978123037
996	74.21897155964623	84.80530306666259
997	64.75409369461393	64.92911409989925
998	92.61838600471525	84.93027064393469
999	94.87147190081438	94.87906165813914
1000	90.37514473027606	84.81797559966797
1001	64.75409369461393	64.84230506027772
1002	64.15848352556989	58.74275003803634
1003	93.08183020102861	82.98433752586683
1004	69.57819572023443	80.64616589894325
1005	96.65515819233951	85.10350397186403
1006	95.60445942712887	83.9328587535085
1007	71.84129582605077	78.62802901406884
1008	69.94901939903575	75.0069683164508
1009	83.14900071463856	84.67982938119549
1010	89.0362779645424	81.43006792250556
1011	72.55520076768677	63.96264142821477
1012	86.96936902777588	82.5313795969466
1013	71.49407526781913	61.21909263375906
1014	61.93563221218443	63.64342393369934
1015	94.55525059670295	93.43672944342715
1016	63.90529877603972	58.903735626897564
1017	105.8896573156083	91.26604968331783
1018	72.08711201250857	68.49445398294077
1019	61.93563221218443	62.51941983324533
1020	80.52933585767526	81.32897141583167
1021	95.77252063543351	79.78772270231893
1022	82.41732696975096	83.09004365650424
1023	84.94800978598104	84.84929175647494
1024	94.17300415495652	81.25404030793138
1025	69.2379386990849	75.87111562061955
1026	95.60445942712887	87.41017560654434
1027	95.5089289036203	80.32132136679013
1028	66.43654064889509	62.31858596399531
1029	67.80148137563974	81.44749780691998
1030	69.87843064718018	64.01757612026654
1031	91.16987000967677	88.40369504334924
1032	45.646562406056184	58.00419741641238
1033	83.14900071463856	84.57469244676123
1034	71.94454358992552	76.77137551492969
1035	99.43582702601984	76.85542034574961
1036	93.62998057446639	87.42734819098672
1037	59.9618574184253	61.28830323622837
1038	89.58015876410249	85.7991192153377
1039	70.91742612022304	74.94724061126567
1040	75.53611445479002	63.15900489429937
1041	89.15447885016101	83.69277736506496
1042	67.87119605244519	83.60420274639614
1043	54.09610041780405	65.30309999172844
1044	72.44941975475284	62.873722695242314
1045	79.47194222999771	84.28855450883748
1046	70.13945590274679	80.45157738118354
1047	89.79456142380376	84.2116899846435
1048	72.55520076768677	62.96426379557972
1049	85.34760327052042	95.03275664125832
1050	79.47194222999771	84.7128003236261
1051	59.03306541666932	78.72796091962482
1052	56.82057537243572	60.45637268343734
1053	83.14900071463856	86.64325481249199
1054	70.13945590274679	83.96980593609098
1055	86.92546301780354	87.66381675248006
1056	71.40182941961733	79.14632861594545
1057	91.16987000967677	90.31576615974308
1058	89.15447885016101	82.15919234306071
1059	61.14694727943012	67.85434954470526
1060	53.87063095944665	59.53779561934171
1061	94.56803447872291	89.72319405184238
1062	68.09265250712872	62.87221502867633
1063	58.518530931570226	60.264596718454364
1064	91.91880413182155	89.23534947925941
1065	52.043713251015845	56.317091630601865
1066	68.4334406031306	82.9617346178753
1067	62.792527750592114	54.403989746007795
1068	95.60445942712887	85.9490177201073
1069	61.839813061327426	58.697108795491296
1070	71.90486096838252	89.19929870633999
1071	75.53611445479002	65.72709401980197
1072	72.55520076768677	66.92606136045723
1073	72.55520076768677	66.91816473674913
1074	89.40412165690829	80.62031678686245
1075	56.63528380991932	61.51764482774135
1076	89.40412165690829	82.6687351597973
1077	62.03121621797398	61.66029969458317
1078	86.92546301780354	88.63215558808682
1079	72.33945932973256	83.68323716874322
1080	72.90215139036411	80.66835914120202
1081	103.91782005351415	84.96263639392588
1082	52.043713251015845	55.888617655651146
1083	71.49407526781913	61.41718207694663
1084	94.3785475631486	83.84705820670997
1085	60.18392678506466	62.76948281832116
1086	98.93873853896005	78.89225865727062
1087	97.67803351540523	79.92920186728928
1088	89.12354587264211	86.533695753807
1089	83.14900071463856	82.56616493933659
1090	82.9631080826442	84.30370969136757
1091	43.88079513242751	56.575785786493185
1092	56.63528380991932	62.26734154741503
1093	80.44317555590291	84.72874900207445
1094	53.41516169101779	64.87753172494644
1095	63.60707866763174	78.5695046616338
1096	90.85441435653472	83.0246059367578
1097	75.53611445479002	65.68024563204175
1098	95.85762370434053	90.8587084871143
1099	84.94800978598104	85.52298916227213
1100	63.679432679460426	83.58254268873705
1101	95.3022570859391	84.8323939577472
1102	63.92446280127344	61.93622687346402
1103	55.35863801433358	55.56213865250502
1104	73.25033411092797	84.87585968426501
1105	69.72440122047205	80.78694006264428
1106	63.36008951145825	74.80305067048957
1107	80.87579458740414	82.01625376392491
1108	82.9631080826442	80.36658329917164
1109	97.38615823571708	82.46106477396431
1110	75.53611445479002	66.39436010541996
1111	96.90391089668059	86.7628473335684
1112	49.66267348291877	57.319847950528846
1113	61.839813061327426	58.715808795099306
1114	78.80115238556657	83.13575106956526
1115	57.0852667341135	64.20452481693843
1116	93.08183020102861	84.14219011239634
1117	68.6349091787439	81.64412909880791
1118	66.43654064889509	65.52621135820218
1119	80.0770011262711	85.96587699287079
1120	95.94010731075929	82.95917426722498
1121	81.22968337610303	82.60593369231565
1122	90.52621300951935	94.6504370177469
1123	93.30693878071268	88.62470229865701
1124	53.87063095944665	63.16859522480677
1125	94.17300415495652	84.00361168495715
1126	75.7447834938052	83.1728658627456
1127	43.42601012283303	56.207393958073
1128	74.51239856792034	84.86609678945669
1129	95.69983617569888	92.85357800730087
1130	93.14997880777942	90.24899801983058
1131	69.36427073420126	76.70821482419501
1132	67.99292249420229	64.63950151548131
1133	83.4813096041478	86.11827380226683
1134	53.87063095944665	59.67727194920677
1135	66.0245943322668	54.481527017257164
1136	81.12181361051942	77.48848563512892
1137	61.14694727943012	68.05553519213375
1138	66.9958463582802	78.99435058129485
1139	80.90538032379732	60.08873182315126
1140	96.68230021831873	85.53063610818427
1141	70.53015530128923	79.40817571325665
1142	92.14317583121269	88.45247682643816
1143	89.48522389189979	81.57124831868771
1144	81.65564173969085	79.00900560902473
1145	60.22607841643314	64.88370938261984
1146	45.21934432316629	56.17881044663214
1147	68.75022070527594	60.58608613769661
1148	73.54613529107182	80.2194317862551
1149	56.82057537243572	64.62774131814042
1150	70.81990865928202	78.60980517241875
1151	59.65837233204926	57.30441321499032
1152	57.82298808029095	54.01346911750679
1153	61.738695100373505	58.300927321018776
1154	98.93873853896005	77.50306981166425
1155	72.81274332811842	64.15592313482871
1156	63.90529877603972	61.87301742299854
1157	60.50415714169066	63.20782593183406
1158	68.09265250712872	62.003292937706085
1159	68.8779835039962	75.46657364785565
1160	64.15848352556989	63.6748348050741
1161	80.506153414496	93.5650379981505
1162	99.36506011078464	84.32866866594199
1163	73.52698520348672	77.73488651707684
1164	95.5089289036203	82.24882241057948
1165	58.00789774142371	57.325440601136265
1166	83.4813096041478	85.3767952311853
1167	93.07133865748902	82.55097609200686
1168	61.93563221218443	61.59079821559962
1169	56.63528380991932	64.03372174627184
1170	63.90529877603972	62.385758724223564
1171	71.08756776467911	66.06977633227912
1172	93.62998057446639	86.45207374521911
1173	73.71812812362637	82.02463349100722
1174	72.55520076768677	63.93740369481656
1175	57.22259783265181	65.4353692692175
1176	80.67811069990842	84.91231257267692
1177	62.792527750592114	54.11313518883698
1178	84.94800978598104	87.39546876909063
1179	71.90486096838252	86.55054549035967
1180	63.101780252134816	79.49392942961639
1181	71.90486096838252	88.82947549338986
1182	110.11174875035675	81.93867815801792
1183	66.0245943322668	58.88082591134565
1184	62.211683212263154	67.98207647958372
1185	88.84154039226661	78.91817850110404
1186	78.50542764969528	65.0874393949055
1187	66.43654064889509	62.554610920021915
1188	75.53611445479002	65.2510326643852
1189	57.22259783265181	65.96627700992687
1190	77.58275172799702	86.89141077660955
1191	75.62408754440456	57.62742252253749
1192	72.55520076768677	66.2846396063192
1193	56.73383931374251	58.926584965293365
1194	78.18707991094843	75.33921325487387
1195	95.60445942712887	86.50011047048578
1196	80.18713539396084	86.61305927743719
1197	75.62408754440456	54.50897093353342
1198	58.518530931570226	61.33916827049249
1199	97.18834131101775	86.23606432738544
1200	70.60379380879367	66.14043993796655
1201	88.89523233062332	84.08462840209404
1202	94.88927245023785	87.98612960039023
1203	92.69500619745331	84.46419672069115
1204	67.99292249420229	61.502600721204075
1205	63.90529877603972	62.09636681683871
1206	63.92446280127344	60.88505138103645
1207	66.0245943322668	57.22633669239657
1208	76.82459750375865	81.135720099806
1209	66.94692610540808	80.59936781404636
1210	62.53543393690788	79.12525494533544
1211	70.3290697962042	81.27305082684906
1212	43.42601012283303	57.35582412015387
1213	90.35863992868045	84.01577617532693
1214	80.40335924994794	85.5547406930904
1215	81.22968337610303	85.01102412061003
1216	77.66704016300162	88.5864995450589
1217	68.10564359184438	78.38976479311472
1218	70.13945590274679	77.32504892774686
1219	54.09610041780405	61.021358528527536
1220	72.55520076768677	63.332655623999905
1221	61.14694727943012	65.59657851944407
1222	83.4813096041478	90.66009614917778
1223	99.15937430409475	80.98117282534899
1224	102.33751879837634	86.85077666165458
1225	62.925360706061205	86.84139137633979
1226	97.67803351540523	81.57875194259324
1227	98.30084267319462	81.89595413683847
1228	92.0578048214004	89.80369276451486
1229	61.93563221218443	62.69912464280973
1230	66.94692610540808	83.23500485973123
1231	77.6354491947864	80.66662317106575
1232	93.07133865748902	82.00496730105826
1233	74.2000987144291	81.73801260161673
1234	55.044251537364275	64.44390557268649
1235	73.88568009027367	81.73135746198085
1236	77.66704016300162	87.67209374482232
1237	106.57395698551049	80.76080142148166
1238	57.22259783265181	66.16869735191331
1239	74.85613089872625	87.5660145811781
1240	86.70539571136558	82.91892763328197
1241	101.14481193895489	83.84750202547087
1242	94.55525059670295	94.66759936067426
1243	63.90529877603972	59.63941040623531
1244	86.64361556206717	86.70282896610078
1245	52.043713251015845	53.24483785564547
1246	94.17300415495652	85.7534456615983
1247	75.62408754440456	58.430605853913285
1248	82.69411403370249	84.8422467360494
1249	64.64602257534077	75.47317944423328
1250	72.46118540264972	79.29464592012093
1251	76.80316757353452	85.84085551187638
1252	65.70031686035047	78.28392410352491
1253	88.70566433530713	86.65514429600708
1254	86.80820550779279	86.43999799377941
1255	85.869786427171	93.24809679660311
1256	61.70324153446518	61.37784088784875
1257	53.87063095944665	60.698950075678276
1258	49.65552879128763	59.079944681396015
1259	64.25836322629523	74.74751168061483
1260	99.63354288466833	91.25692444790407
1261	79.02007649373466	82.88019594817243
1262	58.80404968679891	74.91201012250207
1263	78.63287675527992	82.25105369564606
1264	70.45229222979303	79.15488854614208
1265	77.10941905122803	83.19477613535761
1266	60.50415714169066	66.23110092991477
1267	94.77984099275461	80.38102651038473
1268	57.71609828249453	62.361309985174756
1269	65.25312308725155	61.31109632192484
1270	75.08265390238311	84.48833277949862
1271	68.74595541333461	83.92558251158003
1272	83.14900071463856	86.69782399986045
1273	94.88927245023785	89.43382541265478
1274	77.66704016300162	85.08361816357615
1275	80.44317555590291	82.70457787468106
1276	61.93563221218443	65.0663027493276
1277	52.043713251015845	52.5990895817866
1278	93.25466611527038	84.60329030213117
1279	55.22597387984203	57.607205774927166
1280	89.40412165690829	83.1806336072057
1281	90.85441435653472	77.4462390498903
1282	59.309274172541066	63.51976241816076
1283	86.87859057181146	83.37500077175605
1284	66.0245943322668	57.70835431701328
1285	92.14317583121269	86.78009873397856
1286	73.25033411092797	80.66947094465444
1287	53.87063095944665	59.896932094998135
1288	90.14363405103292	94.82511852725935
1289	74.7032586676524	89.21690897054353
1290	98.30084267319462	85.13130934795907
1291	75.55445571638502	76.4204844562006
1292	83.14900071463856	85.50391692744557
1293	84.01295488923876	81.05611354887425
1294	61.93563221218443	66.24956919140294
1295	57.71609828249453	65.65014507087082
1296	72.44941975475284	59.66152526473087
1297	54.8432544850148	58.44715896997266
1298	81.22968337610303	81.37935988817408
1299	73.6570487540144	75.25604054881047
1300	95.60445942712887	87.05057304146055
1301	72.44941975475284	62.48317021895332
1302	84.94800978598104	84.06671835250134
1303	81.99449982343901	84.39332576131403
1304	56.687494063995686	62.64533190855393
1305	112.18115592827064	91.13954046430251
1306	89.46565833046468	83.4582998090386
1307	52.043713251015845	56.21001892026338
1308	91.16987000967677	88.56045531886363
1309	71.59812454636922	82.8674660891525
1310	86.46080219307001	79.77785945870677
1311	72.43372746794257	82.34392856891937
1312	93.62998057446639	86.18996677732034
1313	59.65837233204926	57.73803936725027
1314	68.8226661194017	82.42740915916616
1315	82.94416622336787	81.77704014065608
1316	95.99752828143465	82.74631587471579
1317	93.30693878071268	89.26559936973105
1318	91.16987000967677	90.4072313080708
1319	53.87063095944665	60.22259990223888
1320	92.76625056997482	85.62639442172292
1321	100.4807600029988	88.78413221793663
1322	95.24415813503094	80.85286034385007
1323	54.09610041780405	64.31365676340035
1324	84.44115972587599	82.87336377060107
1325	69.36427073420126	82.72055713738199
1326	95.60445942712887	84.4832272984335
1327	65.72781932016045	69.56764817425223
1328	70.3290697962042	79.03532592168814
1329	83.14900071463856	86.08401410089724
1330	57.22259783265181	65.08184383192679
1331	76.80673989416597	88.42037548977224
1332	83.14900071463856	85.79573125972092
1333	77.642471191214	79.8300474141712
1334	70.82397617292631	82.37565916993799
1335	57.22259783265181	65.35024636156997
1336	72.73875178365593	61.98944470999137
1337	92.31087843887569	89.07354234461788
1338	82.80188017363002	79.0906604056086
1339	72.59822608202671	69.30352781850654
1340	52.537678838871784	53.933774482142056
1341	44.165627625429664	53.82160834991163
1342	81.41221050103078	76.97883733340628
1343	69.36427073420126	80.97983686669549
1344	83.14900071463856	83.9328587535085
1345	57.97994120602948	65.8480874791289
1346	83.14900071463856	83.64117320136495
1347	83.4813096041478	85.77394381283213
1348	88.31885056335287	86.74911506478767
1349	81.17414284985897	80.55017466692809
1350	48.35705091272644	52.83565527596667
1351	78.44675852014375	96.73076786773176
1352	66.94692610540808	81.3229337433374
1353	73.04174324816348	84.4830471990231
1354	75.66801267082208	87.97039890782337
1355	69.58237983310335	82.31510619894989
1356	82.79871379730372	87.49668491814751
1357	90.85441435653472	78.41680931188537
1358	91.31882668136365	80.82996863209632
1359	58.37493919123058	58.98013854553796
1360	69.25480424162976	78.82246576223199
1361	43.88079513242751	55.56171612648859
1362	84.94800978598104	80.56959921932983
1363	62.211683212263154	68.30386229056899
1364	67.5302502927292	62.51401509003008
1365	92.14584162138584	79.94052760284232
1366	75.78859661995745	88.98445503814966
1367	86.80820550779279	84.1360377652888
1368	69.53214392728053	63.44660500332716
1369	83.14900071463856	85.08373126060583
1370	90.83259367218551	83.53015446416231
1371	93.30693878071268	88.98468754483382
1372	85.68131107401938	90.68801868583719
1373	43.88079513242751	57.35582412015387
1374	78.26339557762014	76.95843086202163
1375	80.41995322341057	85.95656409154495
1376	59.9618574184253	61.90961485638895
1377	68.4033535330539	65.21246268320695
1378	88.29886713355239	61.88017822980277
1379	77.51591909933218	79.9550106728375
1380	62.817160173173654	58.98533419362385
1381	84.94800978598104	84.31293349695065
1382	75.53611445479002	62.49204179451008
1383	80.0770011262711	83.33401978460867
1384	82.48108832591957	80.45142505206353
1385	69.36427073420126	75.49618987141787
1386	56.63528380991932	62.46126671779076
1387	74.34334009107042	82.07320322490887
1388	92.29226906601619	87.3801833698173
1389	83.60304072624585	80.60912386836605
1390	43.88079513242751	60.13141704453143
1391	62.792527750592114	57.95648485300465
1392	65.7049018779562	78.22289967969462
1393	64.25836322629523	73.58268921213713
1394	68.12728661459799	74.32514359486927
1395	70.82397617292631	81.34307813429533
1396	91.12103528421663	83.65930950409087
1397	75.54345181551334	77.53746172846151
1398	73.71812812362637	81.91491299190645
1399	99.13568806816238	82.56581380502409
1400	69.72440122047205	81.33744257726835
1401	90.63856386093526	94.04687349588214
1402	61.839813061327426	59.095295786856674
1403	49.66267348291877	57.19466067955152
1404	62.24667746279161	63.9216514731516
1405	86.80820550779279	84.60008603737133
1406	83.4813096041478	88.76164096629213
1407	84.94800978598104	81.62046617161175
1408	63.26768103469554	80.32285134475296
1409	68.20943018830687	76.22985281292314
1410	57.22259783265181	62.54700887428945
1411	93.07133865748902	81.14276484365142
1412	91.12103528421663	84.44552923918775
1413	76.01432071048696	80.54808330106621
1414	72.66854327804158	79.79622189634465
1415	84.1303662495132	83.53145270226418
1416	79.47194222999771	82.77543561988904
1417	88.16736593185314	79.22384980518603
1418	65.34572743839064	60.244437883603965
1419	73.52698520348672	77.23221135311599
1420	64.25836322629523	77.10743633064257
1421	64.75409369461393	64.99803272988461
1422	85.23589976079266	85.33847246187996
1423	69.40209876555619	78.37414888139857
1424	63.79492762624185	57.805607671826955
1425	89.46565833046468	86.04486957550964
1426	94.17300415495652	85.73802176210717
1427	60.50415714169066	66.18907853762813
1428	82.88413776305758	96.61994413287464
1429	93.07133865748902	81.28396829290486
1430	58.86962705491103	61.37784088784875
1431	91.78751195246697	84.5060132097446
1432	70.81990865928202	79.66457893494392
1433	91.16987000967677	82.73977424914003
1434	84.35825653830446	85.15209016748696
1435	93.62998057446639	85.62667718104858
1436	57.71609828249453	66.37907126739456
1437	63.79492762624185	57.06499580003745
1438	68.06665846317274	65.98655566248141
1439	71.08756776467911	66.69522838213645
1440	87.79401435711605	93.35141370991914
1441	84.1303662495132	85.17519640893354
1442	56.82057537243572	64.71366612994566
1443	95.77252063543351	82.05618220401894
1444	63.082216835154775	73.05461464567546
1445	92.04445406918077	80.1992529854909
1446	79.65086516786332	88.92480709544027
1447	86.80820550779279	86.53053007926242
1448	61.14694727943012	68.03374093642557
1449	85.869786427171	95.50773906277202
1450	90.85441435653472	82.63136620412256
1451	57.22259783265181	66.02708326299401
1452	83.14900071463856	81.16364219288668
1453	104.16104969218769	79.58397001173697
1454	67.35433591931665	82.74661070436088
1455	58.80404968679891	72.55208547247433
1456	62.817160173173654	58.53613686098599
1457	92.70292659846983	84.33084384156808
1458	45.646562406056184	57.522179791795665
1459	90.41913381157575	86.29111272269543
1460	63.679432679460426	81.47285515779578
1461	85.39282156112203	87.18484659071751
1462	90.41913381157575	82.25037360559912
1463	97.67803351540523	84.27517596525676
1464	53.96475753865041	61.699787678628624
1465	57.82298808029095	53.92907234320654
1466	67.41598927140681	60.58876787303867
1467	90.85441435653472	77.45837415615458
1468	63.75165605330209	80.66751821012772
1469	81.22968337610303	87.06341062326737
1470	82.79871379730372	92.58454467644242
1471	61.29573636758554	79.2231604942141
1472	82.12941519646438	86.8082126231092
1473	92.07115245346883	85.38520516205567
1474	58.518530931570226	62.41406423349134
1475	64.75409369461393	69.34633735628269
1476	69.13660737156233	72.17883467730984
1477	67.97555429636954	76.58867209515392
1478	79.47194222999771	84.1264035173249
1479	63.92446280127344	61.03075840898611
1480	84.40740015556588	80.40317339680351
1481	74.85613089872625	84.51981507935639
1482	80.6384804891679	95.44935701362292
1483	65.25312308725155	57.25061101852558
1484	57.22259783265181	63.349026854969594
1485	61.93563221218443	62.52903349240117
1486	76.44458171858919	82.73705160616622
1487	71.49407526781913	64.45649777247122
1488	55.044251537364275	64.47740279925715
1489	83.14900071463856	85.39419642834481
1490	79.47194222999771	85.42742352752288
1491	86.58765809599737	88.84149310639069
1492	77.38197594967606	87.52753623475053
1493	56.150152207282524	60.39550395047513
1494	59.309274172541066	67.62011222755508
1495	71.25706089972941	75.86608920916913
1496	71.56613514428311	84.42211635236681
1497	71.49407526781913	63.49085616287594
1498	61.70830831254223	64.09263496893718
1499	96.65269012537112	85.47573183571511
1500	101.83592806636425	81.1823584727775
1501	61.839813061327426	59.49591715922047
1502	95.94010731075929	83.26071483536636
1503	76.80316757353452	79.68283235102955
1504	92.70292659846983	84.46853147675009
1505	52.340975148183674	57.341393628693986
1506	97.15408479316015	95.55367966636648
1507	55.35863801433358	64.44390557268649
1508	93.92022321742887	77.55879447698135
1509	95.24415813503094	82.45382401363412
1510	85.34458734761418	82.70045142991101
1511	66.46355908094623	72.20687090982209
1512	72.55520076768677	65.6176765065299
1513	62.649355542067966	65.56078210292964
1514	96.03744063832755	93.18707960926996
1515	89.72504062106681	88.77468319308751
1516	74.57610552621236	87.46065441316757
1517	90.52621300951935	95.83291240813173
1518	90.28981758650643	86.20657050793169
1519	45.646562406056184	55.05976210569362
1520	77.56868937300678	84.93841715766013
1521	92.15650353916428	91.92265437135887
1522	52.043713251015845	52.4023984579711
1523	75.5801215055069	69.5342405047081
1524	94.17300415495652	83.83316626375091
1525	91.2213720875168	86.63893599029652
1526	95.02894686065724	79.73435739688448
1527	71.1723949937829	61.37544466895906
1528	63.76608510546735	61.44088733339877
1529	61.93563221218443	65.96873721421471
1530	65.25312308725155	58.655582809610685
1531	77.40314958073823	83.42865538627447
1532	88.64043813611383	84.76312871805555
1533	76.29316876323787	80.11787533508218
1534	96.63787958697199	89.05103287367697
1535	74.32451778728239	80.21551203647932
1536	95.60445942712887	82.61813957542907
1537	87.43549714362645	85.60099498867662
1538	77.82818427986888	92.95546801258857
1539	57.71609828249453	64.2688347673289
1540	72.55520076768677	62.31446159741453
1541	71.49407526781913	63.286529172161025
1542	54.8432544850148	61.96538752488009
1543	90.63856386093526	92.2737887653309
1544	63.082216835154775	76.18024935769527
1545	82.09411463804793	82.18258426358668
1546	84.94800978598104	84.42388064938791
1547	60.749067781423136	62.13185290031125
1548	86.80820550779279	83.02422100150825
1549	76.82459750375865	81.51226760284528
1550	80.22379290893325	80.49135918139464
1551	84.94800978598104	84.09168664233127
1552	71.90486096838252	86.26415797180096
1553	85.1754213363993	89.31580644699721
1554	89.40412165690829	82.61848461519222
1555	57.22259783265181	65.57305690439952
1556	68.75022070527594	64.13567977103845
1557	72.55520076768677	66.88146239021314
1558	94.77984099275461	81.37342346657155
1559	59.79178098686163	60.250408537558215
1560	75.23060135008322	84.78995817314932
1561	89.45727097989148	87.48031138100544
1562	75.59844566674644	66.84574731260622
1563	57.82298808029095	53.97074509632734
1564	77.58978137310419	65.29176638562042
1565	95.0213367946648	94.67295199350819
1566	95.77252063543351	82.28999632212677
1567	91.16987000967677	87.28886634757913
1568	93.15521767932948	83.85311990392707
1569	102.74802408867257	95.93746124500366
1570	57.22259783265181	62.648160707610025
1571	61.738695100373505	58.88315905691596
1572	82.9504809487508	86.10971476723958
1573	89.69163979706073	98.55747946977718
1574	55.35863801433358	68.70274761096522
1575	76.87456344675064	80.4796944536187
1576	83.14900071463856	86.43519967910214
1577	95.28710634759558	84.06072195218675
1578	63.92446280127344	64.59418540765323
1579	70.91742612022304	79.80129920435792
1580	62.50566090587232	57.477268578182006
1581	85.8219827315404	82.4890547575986
1582	72.66854327804158	83.2628207457438
1583	63.78050896149128	66.46991051481635
1584	94.77984099275461	81.65425544375977
1585	98.93873853896005	82.67469883380781
1586	90.85441435653472	84.3944805412151
1587	70.63648266723504	73.69876009544357
1588	74.05262601122915	81.0336216622331
1589	69.77441623818174	82.73178652494933
1590	95.24415813503094	85.7687176245739
1591	69.72440122047205	80.9848668217014
1592	84.94800978598104	82.75536361884322
1593	100.40653770444528	99.3153595250643
1594	76.44458171858919	79.8645008828432
1595	79.88954826149607	95.95294243776758
1596	89.40412165690829	87.18852848495595
1597	71.49407526781913	61.621509067661556
1598	89.34251669337459	85.0607829797059
1599	45.21934432316629	55.618089903766865
1600	97.10266342763418	92.62358138753825
1601	101.14481193895489	84.70393920241551
1602	53.876914152849274	59.2231805237958
1603	92.70292659846983	84.80447594955967
1604	85.869786427171	95.55367966636648
1605	75.20843894314204	85.06412323057201
1606	67.87554942648092	57.38432273718564
1607	71.31341560648546	84.07112612697611
1608	55.72982912168615	62.639253799875235
1609	65.83307588172687	74.95069566630181
1610	81.22968337610303	85.62784146813107
1611	99.43582702601984	83.85234775524358
1612	61.14694727943012	67.99063640978035
1613	100.4807600029988	88.13949297875199
1614	56.63528380991932	60.8882930406301
1615	82.24477423177605	91.29154068992437
1616	89.40412165690829	82.79487992841942
1617	62.817160173173654	62.42254994170235
1618	88.29886713355239	62.894247889807374
1619	57.22259783265181	61.89693688084194
1620	68.4033535330539	64.86813269377225
1621	56.82057537243572	61.86134447452243
1622	93.07133865748902	83.30603240154134
1623	80.35354431278041	87.82194930532782
1624	93.63257845004715	89.50768895418184
1625	73.71812812362637	82.8082868199872
1626	79.35682027038096	81.21587187362395
1627	45.646562406056184	54.734094298452874
1628	67.99292249420229	61.668711551960975
1629	72.55520076768677	66.31400614804588
1630	106.0024323701145	84.83879045705787
1631	79.02007649373466	84.33990285701688
1632	73.61500961422568	79.83459452948381
1633	66.43654064889509	63.24308321506024
1634	76.59192742508101	79.73435739688448
1635	74.85613089872625	85.3886955428979
1636	90.63856386093526	94.04687349588214
1637	72.55520076768677	66.12650941211629
1638	58.37493919123058	59.32443910164446
1639	61.93563221218443	62.138894853584205
1640	56.73383931374251	62.10048353076609
1641	89.40412165690829	81.6995755254463
1642	48.35705091272644	52.51557480934854
1643	79.94317822616632	82.25605028053411
1644	63.082216835154775	76.40298907119818
1645	61.839813061327426	58.57813826193129
1646	91.31341693351736	81.45522595535988
1647	68.4033535330539	61.71283705086883
1648	56.82057537243572	64.43283415275745
1649	83.14900071463856	79.65588648870028
1650	90.24848358387389	79.80650732012963
1651	56.63528380991932	65.50097472553468
1652	65.76446075791493	68.2207299863485
1653	56.63528380991932	62.01039148792837
1654	94.55525059670295	93.57249850014355
1655	90.85441435653472	82.78003619439168
1656	59.86628383823831	62.146796221569566
1657	74.29438621676431	77.38987428434015
1658	66.0245943322668	58.0447876827399
1659	78.22525267108136	87.21233987341202
1660	96.51184182061121	86.26105618286944
1661	55.044251537364275	63.87444898885218
1662	77.87362815820836	81.98400120983686
1663	57.22259783265181	61.30423187231437
1664	79.47194222999771	83.70780250741431
1665	63.082216835154775	73.41741913347302
1666	68.75022070527594	74.67010573426873
1667	95.77252063543351	79.94966511873129
1668	60.18392678506466	63.44153057828691
1669	87.2611685664707	83.44092457946907
1670	84.27214428172397	81.16314730075915
1671	61.141806351872	58.60322107777287
1672	69.25480424162976	83.35360526004185
1673	79.47194222999771	87.99286418864986
1674	77.54758817278146	81.43255569092025
1675	61.45925399699781	63.37475478932691
1676	77.58275172799702	85.05341270451652
1677	81.17414284985897	78.31566751457554
1678	68.7630140467275	65.9105947522224
1679	74.14343401426791	87.74637437310842
1680	78.50542764969528	62.24380994690451
1681	64.50934745853161	78.32833001375403
1682	99.00762415577601	84.46113231988757
1683	59.79178098686163	60.38809617274023
1684	96.63787958697199	96.56774932637107
1685	83.14900071463856	87.08005839594101
1686	58.518530931570226	62.88393846557479
1687	91.49705942940302	85.50569906908609
1688	83.4813096041478	88.56045531886363
1689	89.36212569216652	95.00203470564645
1690	59.86628383823831	62.80837947138499
1691	59.86628383823831	65.23082213621407
1692	68.83118110717245	81.96665837314927
1693	70.20962593902337	82.28918434785236
1694	69.36427073420126	74.85527417879509
1695	95.40316284906943	93.86897990173401
1696	92.4780913606782	91.56270118578198
1697	72.55520076768677	62.018276022610664
1698	70.45229222979303	78.23104027064728
1699	80.85277143923794	80.11292075795805
1700	80.64839097312598	78.48399950160184
1701	55.189705116914105	58.81740039634376
1702	55.189705116914105	62.6164609284394
1703	91.16987000967677	85.93755786036719
1704	72.81274332811842	63.75824941150436
1705	71.38576720125803	58.07906546004206
1706	85.1754213363993	89.17811881181521
1707	83.7089333320187	87.79680794987274
1708	72.55520076768677	66.60032742719622
1709	59.86628383823831	64.92473420924587
1710	89.15447885016101	85.30666984024842
1711	81.17414284985897	80.66703223440663
1712	60.96143931038744	61.369413705187114
1713	84.01295488923876	83.44602065278886
1714	84.9996421834397	90.98105351590557
1715	81.65564173969085	79.12772519737145
1716	94.77984099275461	78.90377831744304
1717	72.55520076768677	66.8531922683032
1718	67.16440677276638	81.1248693254331
1719	85.8219827315404	78.42866367230263
1720	96.63787958697199	95.34695168194821
1721	74.6883174622501	84.88034799391002
1722	91.16987000967677	85.86540896115986
1723	65.25312308725155	60.91198391543922
1724	61.03884319460563	91.02157678989148
1725	76.82459750375865	81.22718524813371
1726	84.94800978598104	88.04523332175754
1727	71.01472970290551	79.7398680959595
1728	69.07315465689248	76.90738790587153
1729	60.50415714169066	63.56901186639637
1730	65.59012307736141	73.65603607426412
1731	52.765707014289156	58.206419520357855
1732	89.34251669337459	82.72116001361539
1733	88.74816158999845	87.20809886370454
1734	100.4807600029988	88.85411618264877
1735	90.25950896628592	88.09333446040682
1736	93.62998057446639	81.74775171659427
1737	71.04711691258858	86.01566941952828
1738	56.63528380991932	64.84783464573901
1739	56.687494063995686	61.79412527886356
1740	75.22321504318624	62.03980458825466
1741	49.66267348291877	54.555033285579526
1742	63.79492762624185	58.31294435483135
1743	81.17414284985897	76.86797170231098
1744	90.01367935877317	87.82666377217339
1745	56.82057537243572	62.37134021231189
1746	71.61411068052136	75.60831409831388
1747	82.53204045202085	62.06010873339847
1748	73.72575735088637	77.03328885722347
1749	67.5302502927292	62.36776752465144
1750	58.80404968679891	74.42143256768873
1751	60.61377961151699	78.14411941961542
1752	72.99138434811346	86.1371341685928
1753	61.839813061327426	59.415376253474804
1754	63.67461314976337	64.7084195597049
1755	61.839813061327426	61.89518116941022
1756	65.75072403283407	63.68980023304001
1757	72.55520076768677	64.22278671843992
1758	69.40209876555619	77.14715536379846
1759	92.14317583121269	86.92171770598668
1760	91.96695807943212	83.07942916314735
1761	88.69432619597583	87.109120735631
1762	54.8615751066703	61.83309051141177
1763	96.63787958697199	96.08140922762318
1764	78.51922193377463	63.30117282309663
1765	87.43549714362645	84.85549693506616
1766	77.66704016300162	82.72152592210095
1767	62.84669880899404	81.55045297093776
1768	89.40412165690829	77.81463087831048
1769	56.73383931374251	59.52953877569833
1770	96.73901202120965	82.30844772148346
1771	77.84916366372983	82.04188926124208
1772	95.77252063543351	80.56959921932983
1773	75.62408754440456	58.78148790711996
1774	63.78050896149128	65.9253237646878
1775	86.36324418361687	80.2934324223375
1776	67.01806401215904	76.3566838202978
1777	92.71348543639846	92.58546974550553
1778	59.86628383823831	62.788066032308464
1779	94.2424559023997	82.87461702676606
1780	52.537678838871784	58.56334440045251
1781	53.87063095944665	60.94276741042681
1782	49.66267348291877	56.54268343195892
1783	53.87063095944665	60.098025408567224
1784	82.09090428708566	80.41475012787453
1785	77.58275172799702	81.57138960719051
1786	76.01432071048696	86.5559558335294
1787	84.94800978598104	85.51819384306548
1788	84.94800978598104	83.64057996397807
1789	84.94800978598104	85.87843812367466
1790	68.4119519943123	73.0207604015905
1791	78.69819501251706	81.28058849753604
1792	75.08265390238311	90.96963373578264
1793	96.63787958697199	88.01279291226874
1794	93.95640195965603	80.91557646448467
1795	56.63528380991932	64.6545456220186
1796	65.59012307736141	77.06454413007079
1797	61.839813061327426	58.78612991529512
1798	58.44128184618005	54.50897093353342
1799	90.73976139716997	97.93027680080577
1800	82.09090428708566	81.97544127964024
1801	62.77281073749439	68.02200128254592
1802	94.77984099275461	85.01102412061003
1803	61.839813061327426	58.892963348815506
1804	92.6289603825027	88.65463120795457
1805	63.78050896149128	66.50886227886849
1806	59.422415881698	62.110903528228256
1807	102.2812318583709	85.90173439851363
1808	63.914881932254794	82.04288974482677
1809	96.78089497660937	87.84567296232635
1810	43.88079513242751	55.88731349145487
1811	53.41516169101779	64.07317769265477
1812	77.87362815820836	79.29265168057627
1813	83.7089333320187	96.473696567496
1814	64.75409369461393	68.46475741068897
1815	55.0503242480466	78.15809898185013
1816	64.88059428786062	78.17127107780927
1817	61.93563221218443	65.8176065400491
1818	61.70324153446518	61.447376214320585
1819	62.817160173173654	58.85621732760412
1820	65.75072403283407	63.954947333755165
1821	78.69819501251706	78.0413331295741
1822	91.16987000967677	87.38061936424015
1823	83.14900071463856	85.73968411146254
1824	107.87824970385805	78.7676796953966
1825	92.14584162138584	84.86337261430656
1826	86.7817874194188	88.2458995311456
1827	72.70756139396002	78.89831908134705
1828	93.34611231365083	82.4416078838282
1829	106.88724159159662	81.65580481423108
1830	101.62461077603423	84.8584682604669
1831	95.24415813503094	80.33825029654629
1832	82.94416622336787	80.38998471274387
1833	62.24667746279161	65.23669675875783
1834	87.19127995420664	69.30352781850654
1835	85.68131107401938	89.0243946549756
1836	61.27012403533609	80.29111489397383
1837	81.22968337610303	86.07636488273178
1838	71.38576720125803	60.7263686969511
1839	63.38922661185015	74.97484287391863
1840	89.02782537088022	80.58992537030366
1841	67.5302502927292	61.877588199077884
1842	90.16296319931408	88.5784048446984
1843	92.70292659846983	80.95234428844127
1844	90.25950896628592	89.19929870633999
1845	101.2570937891284	84.64439951176621
1846	88.27030674002528	86.74911506478767
1847	96.63787958697199	86.62132540473945
1848	56.29111220942027	56.65664822987446
1849	55.189705116914105	59.071728513235946
1850	69.36427073420126	77.75078838383794
1851	91.2105334388621	85.92904778367283
1852	92.14317583121269	85.51674591490156
1853	65.03001392194778	57.064365911772704
1854	72.55520076768677	65.55867992254309
1855	57.22259783265181	63.30630283379015
1856	109.26892368739897	91.50328705405782
1857	74.01473667755094	69.84117235167415
1858	88.46991803964411	83.92294220408579
1859	94.17300415495652	83.03563418919539
1860	87.66418006109542	80.70479580897135
1861	84.94800978598104	80.00108522460557
1862	75.71189698371032	81.77468494376274
1863	93.62998057446639	83.82116408879631
1864	72.55520076768677	63.76628177625986
1865	62.61966864362613	62.11569930764202
1866	93.25466611527038	81.8197797757891
1867	96.65515819233951	84.47322072746627
1868	85.19054741628482	83.28408092426412
1869	87.89478332291016	83.95536381510476
1870	79.47194222999771	83.2780172169181
1871	60.31549539374691	60.04651112454684
1872	71.9723006103883	78.97819700083893
1873	75.53611445479002	66.07079810833073
1874	94.55525059670295	96.80524610310896
1875	58.518530931570226	59.83097056619441
1876	94.39393423178912	92.51079229249613
1877	77.38197594967606	88.17606126224399
1878	97.67803351540523	86.62626748690734
1879	65.83307588172687	71.28932276938818
1880	91.31882668136365	81.10387685790288
1881	71.90486096838252	84.54832231999933
1882	89.43489851761854	81.00386665153394
1883	94.39393423178912	92.26987135022802
1884	56.687494063995686	61.88559042719128
1885	69.7785815716576	62.0523240492948
1886	91.23762617049279	85.136353256887
1887	57.82298808029095	53.69338865088866
1888	43.42601012283303	59.4514726608576
1889	69.51538573581314	62.27173757623508
1890	72.81274332811842	63.58429263850916
1891	73.88948102447294	81.15301114374356
1892	74.51239856792034	81.70807857578387
1893	72.90215139036411	80.10943804523257
1894	82.4364636965296	88.95870507359673
1895	58.80404968679891	72.74826307051495
1896	61.93563221218443	65.87238895710001
1897	69.51538573581314	62.20916845072325
1898	81.17414284985897	78.27294349339608
1899	66.37342940727905	58.63361447037269
1900	57.22259783265181	61.83263251189022
1901	100.39028975581584	84.61466849166203
1902	68.10997307459635	79.5829812678624
1903	73.04174324816348	80.77799172811831
1904	58.35833482919475	59.15285929137033
1905	101.62461077603423	88.8356950822299
1906	63.082216835154775	76.45975986592428
1907	61.04915193253084	78.10334486841197
1908	104.16104969218769	82.45644444023581
1909	91.2105334388621	84.6175012716846
1910	87.64106598345802	85.71183717988256
1911	55.72982912168615	65.15162297018318
1912	68.4119519943123	76.41131835058877
1913	58.80951889982782	79.81327022237927
1914	66.37342940727905	58.92688826339177
1915	67.87554942648092	57.8483316930064
1916	58.518530931570226	63.01734425192212
1917	84.01295488923876	84.42959803678136
1918	92.14584162138584	80.30805085489881
1919	78.69819501251706	79.7081743021199
1920	89.82512312933287	78.64620112122715
1921	79.88619446974846	81.58941496711391
1922	54.09610041780405	61.7468425984188
1923	65.7049018779562	77.42088169901449
1924	75.58745202401191	81.3483916179378
1925	72.55520076768677	64.31603725162832
1926	90.16296319931408	97.93027680080577
1927	95.77252063543351	82.18137786885421
1928	56.82057537243572	64.84783464573901
1929	67.53902683187606	80.53430070354821
1930	61.839813061327426	63.048809718426476
1931	88.89523233062332	84.2024288259282
1932	89.0362779645424	79.7291304141983
1933	84.51780542703037	80.64737800555223
1934	63.60707866763174	79.06008221644714
1935	61.03884319460563	92.40294949064497
1936	96.65269012537112	85.05867926790235
1937	90.25950896628592	89.34774038411848
1938	94.17300415495652	80.570240499274
1939	81.22968337610303	84.44648247308038
1940	93.62998057446639	84.79243816779966
1941	72.32766198884457	61.91462129995909
1942	57.22259783265181	63.039062838690526
1943	83.14900071463856	78.52945416947304
1944	61.839813061327426	58.211644526084896
1945	89.6247779796852	82.28918434785236
1946	66.56247714110356	80.46303470574263
1947	94.17300415495652	81.43872786794884
1948	60.749067781423136	66.08799699854588
1949	55.189705116914105	64.66920248885333
1950	85.71426751956251	82.99445720614041
1951	81.50647572362438	78.71814653548284
1952	101.14481193895489	87.10364150276156
1953	72.84386170106458	62.38364275045487
1954	105.32714106363869	97.22467086430066
1955	83.14900071463856	86.7357284065063
1956	77.72665583940521	82.23675091347646
1957	73.61500961422568	81.46564704118813
1958	81.17414284985897	81.76047614083272
1959	95.60445942712887	80.11760412578482
1960	84.49942065195114	82.51959739719888
1961	84.35825653830446	89.8003442145943
1962	106.96480718161513	93.12636976356166
1963	90.06071912019922	88.291826720157
1964	74.85613089872625	81.9441346587955
1965	76.82459750375865	81.66647162917484
1966	96.16697130112657	84.61633841091356
1967	80.0770011262711	85.10954242045518
1968	98.93873853896005	81.4325043772146
1969	73.25033411092797	85.07704533169351
1970	63.90529877603972	62.79745860488561
1971	62.76787994435343	63.18738902056918
1972	72.12663441252852	63.01330015306969
1973	69.36427073420126	76.22738618763563
1974	92.70292659846983	84.78995817314932
1975	72.55520076768677	62.53540492446238
1976	67.53902683187606	77.91427582230718
1977	76.82459750375865	79.38431776407657
1978	101.22045245665268	85.37815642692756
1979	71.59012933856604	63.87210841836204
1980	59.119939693065476	65.46149711375766
1981	68.4033535330539	65.26724510025787
1982	92.61838600471525	85.95989371271736
1983	84.94800978598104	86.12707038324662
1984	69.36427073420126	76.21304348558077
1985	83.38121415696648	83.62910794626686
1986	93.62998057446639	79.94740035812478
1987	61.14694727943012	68.45464759861936
1988	56.63528380991932	60.66185086395612
1989	89.36212569216652	95.28127016692311
1990	52.043713251015845	52.96226925836356
1991	58.80404968679891	82.87332450254279
1992	63.38922661185015	78.33987145233657
1993	82.94100857095975	81.30277537274799
1994	52.043713251015845	55.360953005076524
1995	79.65086516786332	84.09650862503466
1996	46.90768941286642	56.74018835106513
1997	96.65269012537112	85.90158577109003
1998	75.53611445479002	63.28993160282047
1999	61.93563221218443	62.741848663989174
2000	92.14317583121269	88.92525397070823
2001	78.41221436474962	82.56919122142844
2002	93.15521767932948	82.12698784185031
2003	61.141806351872	61.00586974898005
2004	59.79710750809931	78.12616843378032
2005	95.85762370434053	91.27517742828688
2006	76.80316757353452	80.05122417944973
2007	93.15521767932948	80.2665641357012
2008	71.05925603352286	79.68919416700481
2009	106.0024323701145	85.57187574056232
2010	101.62461077603423	84.10521259635055
2011	83.4813096041478	90.66009614917778
2012	68.1748626747382	83.45884173738375
2013	86.80820550779279	85.57532451658179
2014	83.14900071463856	83.4498414040011
2015	56.43735356579095	62.251461592265045
2016	59.77046736375715	58.312739267519135
2017	61.70830831254223	60.26310757791412
2018	89.72504062106681	84.51812579901672
2019	78.48127829271154	80.50842781137116
2020	91.31341693351736	81.00386665153394
2021	59.109091487499214	62.735557106394815
2022	61.93563221218443	65.36613312046849
2023	63.92446280127344	64.3586695382931
2024	63.679432679460426	87.5582483474586
2025	92.14584162138584	78.9030790638137
2026	80.18046750057647	82.1803468621877
2027	71.49407526781913	61.07799821934442
2028	77.82818427986888	93.42530899636988
2029	95.24415813503094	80.20162574547571
2030	54.09610041780405	65.08261813036616
2031	93.62998057446639	84.35687070860658
2032	95.24415813503094	80.86459056098516
2033	59.701114607560264	54.49400427136758
2034	52.043713251015845	52.35931544795859
2035	77.38197594967606	85.49864350551871
2036	83.14900071463856	86.29892482305729
2037	92.14584162138584	83.92638720037034
2038	43.42601012283303	60.01133763246803
2039	68.75022070527594	60.36688235633699
2040	68.12295888801668	74.8998000183171
2041	74.249152139939	82.08110591736565
2042	106.2231644417248	99.86442108746931
2043	62.792527750592114	53.75831191442339
2044	57.82860518537168	56.91868943423867
2045	61.839813061327426	59.66037489362611
2046	91.91880413182155	91.3259962838491
2047	60.50415714169066	66.60063041302493
2048	73.9616393864417	82.25037360559912
2049	85.04819135045463	81.26852177535119
2050	80.18046750057647	85.81074118609725
2051	89.91670790415779	84.46384010441767
2052	68.75022070527594	63.56511430597333
2053	61.93563221218443	65.74624713300145
2054	56.63528380991932	61.87643941633452
2055	84.94800978598104	82.39552362040763
2056	90.37514473027606	84.00074331214084
2057	55.189705116914105	59.68364783618971
2058	71.8015218936137	80.04393805596244
2059	59.379354624420564	60.152459985436664
2060	85.68131107401938	84.99288700600187
2061	65.72781932016045	64.65820529154522
2062	66.43654064889509	62.49204179451008
2063	62.25167408774325	63.46612412544834
2064	78.64319595082452	81.52402083924798
2065	84.49942065195114	87.46041916024029
2066	54.09610041780405	61.51255204527209
2067	71.4700294843731	82.05502458936658
2068	45.65471686298045	58.74321956202549
2069	77.38197594967606	87.99641747846101
